-- phpMyAdmin SQL Dump
-- version 5.2.1
-- https://www.phpmyadmin.net/
--
-- Host: localhost:3306
-- Generation Time: Dec 18, 2023 at 10:25 AM
-- Server version: 10.3.39-MariaDB-cll-lve
-- PHP Version: 8.1.25

SET SQL_MODE = "NO_AUTO_VALUE_ON_ZERO";
START TRANSACTION;
SET time_zone = "+00:00";


/*!40101 SET @OLD_CHARACTER_SET_CLIENT=@@CHARACTER_SET_CLIENT */;
/*!40101 SET @OLD_CHARACTER_SET_RESULTS=@@CHARACTER_SET_RESULTS */;
/*!40101 SET @OLD_COLLATION_CONNECTION=@@COLLATION_CONNECTION */;
/*!40101 SET NAMES utf8mb4 */;

--
-- Database: `appdoctruyen`
--

-- --------------------------------------------------------

--
-- Table structure for table `anhchuongtruyen`
--

CREATE TABLE `anhchuongtruyen` (
  `idAnhChuongTruyen` int(11) NOT NULL,
  `Anh` varchar(255) DEFAULT NULL,
  `STT` int(11) DEFAULT NULL,
  `idChuongTruyen` int(11) DEFAULT NULL,
  `idTruyen` int(11) DEFAULT NULL,
  `SoChuong` int(11) DEFAULT NULL
) ENGINE=InnoDB DEFAULT CHARSET=latin1 COLLATE=latin1_swedish_ci;

--
-- Dumping data for table `anhchuongtruyen`
--

INSERT INTO `anhchuongtruyen` (`idAnhChuongTruyen`, `Anh`, `STT`, `idChuongTruyen`, `idTruyen`, `SoChuong`) VALUES
(177, '1.jpg', 1, NULL, 2, 1),
(178, '2.jpg', 2, NULL, 2, 1),
(179, '3.jpg', 3, NULL, 2, 1),
(180, '4.jpg', 4, NULL, 2, 1),
(181, '1.jpg', 1, NULL, 2, 2),
(182, '2.jpg', 2, NULL, 2, 2),
(183, '3.jpg', 3, NULL, 2, 2),
(184, '4.jpg', 4, NULL, 2, 2),
(185, '1.jpg', 1, NULL, 2, 3),
(186, '2.jpg', 2, NULL, 2, 3),
(187, '3.jpg', 3, NULL, 2, 3),
(188, '4.jpg', 4, NULL, 2, 3),
(189, '1.jpg', 1, NULL, 2, 4),
(190, '2.jpg', 2, NULL, 2, 4),
(191, '3.jpg', 3, NULL, 2, 4),
(192, '4.jpg', 4, NULL, 2, 4),
(193, '1.jpg', 1, NULL, 3, 1),
(194, '2.jpg', 2, NULL, 3, 1),
(195, '3.jpg', 3, NULL, 3, 1),
(196, '4.jpg', 4, NULL, 3, 1),
(197, '1.jpg', 1, NULL, 3, 2),
(198, '2.jpg', 2, NULL, 3, 2),
(199, '3.jpg', 3, NULL, 3, 2),
(200, '4.jpg', 4, NULL, 3, 2),
(201, '1.jpg', 1, NULL, 3, 3),
(202, '2.jpg', 2, NULL, 3, 3),
(203, '3.jpg', 3, NULL, 3, 3),
(204, '4.jpg', 4, NULL, 3, 3),
(205, '1.jpg', 1, NULL, 3, 4),
(206, '2.jpg', 2, NULL, 3, 4),
(207, '3.jpg', 3, NULL, 3, 4),
(208, '4.jpg', 4, NULL, 3, 4),
(209, '1.jpg', 1, NULL, 4, 1),
(210, '2.jpg', 2, NULL, 4, 1),
(211, '3.jpg', 3, NULL, 4, 1),
(212, '4.jpg', 4, NULL, 4, 1),
(213, '1.jpg', 1, NULL, 4, 2),
(214, '2.jpg', 2, NULL, 4, 2),
(215, '3.jpg', 3, NULL, 4, 2),
(216, '4.jpg', 4, NULL, 4, 2),
(217, '1.jpg', 1, NULL, 4, 3),
(218, '2.jpg', 2, NULL, 4, 3),
(219, '3.jpg', 3, NULL, 4, 3),
(220, '4.jpg', 4, NULL, 4, 3),
(221, '1.jpg', 1, NULL, 4, 4),
(222, '2.jpg', 2, NULL, 4, 4),
(223, '3.jpg', 3, NULL, 4, 4),
(224, '4.jpg', 4, NULL, 4, 4),
(225, '1.jpg', 1, NULL, 5, 1),
(226, '2.jpg', 2, NULL, 5, 1),
(227, '3.jpg', 3, NULL, 5, 1),
(228, '4.jpg', 4, NULL, 5, 1),
(229, '1.jpg', 1, NULL, 5, 2),
(230, '2.jpg', 2, NULL, 5, 2),
(231, '3.jpg', 3, NULL, 5, 2),
(232, '4.jpg', 4, NULL, 5, 2),
(233, '1.jpg', 1, NULL, 5, 3),
(234, '2.jpg', 2, NULL, 5, 3),
(235, '3.jpg', 3, NULL, 5, 3),
(236, '4.jpg', 4, NULL, 5, 3),
(237, '1.jpg', 1, NULL, 5, 4),
(238, '2.jpg', 2, NULL, 5, 4),
(239, '3.jpg', 3, NULL, 5, 4),
(240, '4.jpg', 4, NULL, 5, 4),
(241, '1.jpg', 1, NULL, 6, 1),
(242, '2.jpg', 2, NULL, 6, 1),
(243, '3.jpg', 3, NULL, 6, 1),
(244, '4.jpg', 4, NULL, 6, 1),
(245, '1.jpg', 1, NULL, 6, 2),
(246, '2.jpg', 2, NULL, 6, 2),
(247, '3.jpg', 3, NULL, 6, 2),
(248, '4.jpg', 4, NULL, 6, 2),
(249, '1.jpg', 1, NULL, 6, 3),
(250, '2.jpg', 2, NULL, 6, 3),
(251, '3.jpg', 3, NULL, 6, 3),
(252, '4.jpg', 4, NULL, 6, 3),
(253, '1.jpg', 1, NULL, 6, 4),
(254, '2.jpg', 2, NULL, 6, 4),
(255, '3.jpg', 3, NULL, 6, 4),
(256, '4.jpg', 4, NULL, 6, 4),
(257, '1.jpg', 1, NULL, 7, 1),
(258, '2.jpg', 2, NULL, 7, 1),
(259, '3.jpg', 3, NULL, 7, 1),
(260, '4.jpg', 4, NULL, 7, 1),
(261, '1.jpg', 1, NULL, 7, 2),
(262, '2.jpg', 2, NULL, 7, 2),
(263, '3.jpg', 3, NULL, 7, 2),
(264, '4.jpg', 4, NULL, 7, 2),
(265, '1.jpg', 1, NULL, 7, 3),
(266, '2.jpg', 2, NULL, 7, 3),
(267, '3.jpg', 3, NULL, 7, 3),
(268, '4.jpg', 4, NULL, 7, 3),
(269, '1.jpg', 1, NULL, 7, 4),
(270, '2.jpg', 2, NULL, 7, 4),
(271, '3.jpg', 3, NULL, 7, 4),
(272, '4.jpg', 4, NULL, 7, 4),
(273, '1.jpg', 1, NULL, 8, 1),
(274, '2.jpg', 2, NULL, 8, 1),
(275, '3.jpg', 3, NULL, 8, 1),
(276, '4.jpg', 4, NULL, 8, 1),
(277, '1.jpg', 1, NULL, 8, 2),
(278, '2.jpg', 2, NULL, 8, 2),
(279, '3.jpg', 3, NULL, 8, 2),
(280, '4.jpg', 4, NULL, 8, 2),
(281, '1.jpg', 1, NULL, 8, 3),
(282, '2.jpg', 2, NULL, 8, 3),
(283, '3.jpg', 3, NULL, 8, 3),
(284, '4.jpg', 4, NULL, 8, 3),
(285, '1.jpg', 1, NULL, 8, 4),
(286, '2.jpg', 2, NULL, 8, 4),
(287, '3.jpg', 3, NULL, 8, 4),
(288, '4.jpg', 4, NULL, 8, 4),
(289, '1.jpg', 1, NULL, 9, 1),
(290, '2.jpg', 2, NULL, 9, 1),
(291, '3.jpg', 3, NULL, 9, 1),
(292, '4.jpg', 4, NULL, 9, 1),
(293, '1.jpg', 1, NULL, 9, 2),
(294, '2.jpg', 2, NULL, 9, 2),
(295, '3.jpg', 3, NULL, 9, 2),
(296, '4.jpg', 4, NULL, 9, 2),
(297, '1.jpg', 1, NULL, 9, 3),
(298, '2.jpg', 2, NULL, 9, 3),
(299, '3.jpg', 3, NULL, 9, 3),
(300, '4.jpg', 4, NULL, 9, 3),
(301, '1.jpg', 1, NULL, 9, 4),
(302, '2.jpg', 2, NULL, 9, 4),
(303, '3.jpg', 3, NULL, 9, 4),
(304, '4.jpg', 4, NULL, 9, 4),
(305, '1.jpg', 1, NULL, 10, 1),
(306, '2.jpg', 2, NULL, 10, 1),
(307, '3.jpg', 3, NULL, 10, 1),
(308, '4.jpg', 4, NULL, 10, 1),
(309, '1.jpg', 1, NULL, 10, 2),
(310, '2.jpg', 2, NULL, 10, 2),
(311, '3.jpg', 3, NULL, 10, 2),
(312, '4.jpg', 4, NULL, 10, 2),
(313, '1.jpg', 1, NULL, 10, 3),
(314, '2.jpg', 2, NULL, 10, 3),
(315, '3.jpg', 3, NULL, 10, 3),
(316, '4.jpg', 4, NULL, 10, 3),
(317, '1.jpg', 1, NULL, 10, 4),
(318, '2.jpg', 2, NULL, 10, 4),
(319, '3.jpg', 3, NULL, 10, 4),
(320, '4.jpg', 4, NULL, 10, 4),
(321, '1.jpg', 1, NULL, 1, 1),
(322, '2.jpg', 2, NULL, 1, 1),
(323, '3.jpg', 3, NULL, 1, 1),
(324, '4.jpg', 4, NULL, 1, 1),
(325, '1.jpg', 1, NULL, 1, 2),
(326, '2.jpg', 2, NULL, 1, 2),
(327, '3.jpg', 3, NULL, 1, 2),
(328, '4.jpg', 4, NULL, 1, 2),
(329, '1.jpg', 1, NULL, 11, 1),
(330, '2.jpg', 2, NULL, 11, 1),
(331, '3.jpg', 3, NULL, 11, 1),
(332, '4.jpg', 4, NULL, 11, 1),
(333, '5.jpg', 5, NULL, 11, 1),
(334, '6.jpg', 6, NULL, 11, 1),
(335, '7.jpg', 7, NULL, 11, 1),
(336, '8.jpg', 8, NULL, 11, 1),
(337, '9.jpg', 9, NULL, 11, 1),
(338, '10.jpg', 10, NULL, 11, 1),
(339, '1.jpg', 1, NULL, 11, 2),
(340, '2.jpg', 2, NULL, 11, 2),
(341, '3.jpg', 3, NULL, 11, 2),
(342, '4.jpg', 4, NULL, 11, 2),
(343, '5.jpg', 5, NULL, 11, 2),
(344, '6.jpg', 6, NULL, 11, 2),
(345, '7.jpg', 7, NULL, 11, 2),
(346, '8.jpg', 8, NULL, 11, 2),
(347, '9.jpg', 9, NULL, 11, 2),
(348, '10.jpg', 10, NULL, 11, 2),
(349, '1.jpg', 1, NULL, 11, 3),
(350, '2.jpg', 2, NULL, 11, 3),
(351, '3.jpg', 3, NULL, 11, 3),
(352, '4.jpg', 4, NULL, 11, 3),
(353, '5.jpg', 5, NULL, 11, 3),
(354, '6.jpg', 6, NULL, 11, 3),
(355, '7.jpg', 7, NULL, 11, 3),
(356, '8.jpg', 8, NULL, 11, 3),
(357, '9.jpg', 9, NULL, 11, 3),
(358, '10.jpg', 10, NULL, 11, 3),
(359, '1.jpg', 1, NULL, 11, 4),
(360, '2.jpg', 2, NULL, 11, 4),
(361, '3.jpg', 3, NULL, 11, 4),
(362, '4.jpg', 4, NULL, 11, 4),
(363, '5.jpg', 5, NULL, 11, 4),
(364, '6.jpg', 6, NULL, 11, 4),
(365, '7.jpg', 7, NULL, 11, 4),
(366, '8.jpg', 8, NULL, 11, 4),
(367, '9.jpg', 9, NULL, 11, 4),
(368, '10.jpg', 10, NULL, 11, 4),
(369, '1.jpg', 1, NULL, 12, 1),
(370, '2.jpg', 2, NULL, 12, 1),
(371, '3.jpg', 3, NULL, 12, 1),
(372, '4.jpg', 4, NULL, 12, 1),
(373, '5.jpg', 5, NULL, 12, 1),
(374, '6.jpg', 6, NULL, 12, 1),
(375, '7.jpg', 7, NULL, 12, 1),
(376, '8.jpg', 8, NULL, 12, 1),
(377, '9.jpg', 9, NULL, 12, 1),
(378, '10.jpg', 10, NULL, 12, 1),
(379, '1.jpg', 1, NULL, 12, 2),
(380, '2.jpg', 2, NULL, 12, 2),
(381, '3.jpg', 3, NULL, 12, 2),
(382, '4.jpg', 4, NULL, 12, 2),
(383, '5.jpg', 5, NULL, 12, 2),
(384, '6.jpg', 6, NULL, 12, 2),
(385, '7.jpg', 7, NULL, 12, 2),
(386, '8.jpg', 8, NULL, 12, 2),
(387, '9.jpg', 9, NULL, 12, 2),
(388, '10.jpg', 10, NULL, 12, 2),
(389, '1.jpg', 1, NULL, 12, 3),
(390, '2.jpg', 2, NULL, 12, 3),
(391, '3.jpg', 3, NULL, 12, 3),
(392, '4.jpg', 4, NULL, 12, 3),
(393, '5.jpg', 5, NULL, 12, 3),
(394, '6.jpg', 6, NULL, 12, 3),
(395, '7.jpg', 7, NULL, 12, 3),
(396, '8.jpg', 8, NULL, 12, 3),
(397, '9.jpg', 9, NULL, 12, 3),
(398, '10.jpg', 10, NULL, 12, 3),
(399, '1.jpg', 1, NULL, 12, 4),
(400, '2.jpg', 2, NULL, 12, 4),
(401, '3.jpg', 3, NULL, 12, 4),
(402, '4.jpg', 4, NULL, 12, 4),
(403, '5.jpg', 5, NULL, 12, 4),
(404, '6.jpg', 6, NULL, 12, 4),
(405, '7.jpg', 7, NULL, 12, 4),
(406, '8.jpg', 8, NULL, 12, 4),
(407, '9.jpg', 9, NULL, 12, 4),
(408, '10.jpg', 10, NULL, 12, 4);

-- --------------------------------------------------------

--
-- Table structure for table `binhluan`
--

CREATE TABLE `binhluan` (
  `idBinhLuan` int(11) NOT NULL,
  `NoiDung` text DEFAULT NULL,
  `idUser` int(11) DEFAULT NULL,
  `idTruyen` int(11) DEFAULT NULL
) ENGINE=InnoDB DEFAULT CHARSET=latin1 COLLATE=latin1_swedish_ci;

-- --------------------------------------------------------

--
-- Table structure for table `chuongtruyen`
--

CREATE TABLE `chuongtruyen` (
  `idChuongTruyen` int(11) NOT NULL,
  `SoChuong` int(11) DEFAULT NULL,
  `idTruyen` int(11) DEFAULT NULL
) ENGINE=InnoDB DEFAULT CHARSET=latin1 COLLATE=latin1_swedish_ci;

--
-- Dumping data for table `chuongtruyen`
--

INSERT INTO `chuongtruyen` (`idChuongTruyen`, `SoChuong`, `idTruyen`) VALUES
(1, 1, 1),
(2, 2, 1),
(3, 1, 2),
(4, 2, 2),
(5, 3, 2),
(6, 4, 2),
(7, 1, 3),
(8, 2, 3),
(9, 3, 3),
(10, 4, 3),
(11, 1, 4),
(12, 2, 4),
(13, 3, 4),
(14, 4, 4),
(15, 1, 5),
(16, 2, 5),
(17, 3, 5),
(18, 4, 5),
(19, 1, 6),
(20, 2, 6),
(21, 3, 6),
(22, 4, 6),
(23, 1, 7),
(24, 2, 7),
(25, 3, 7),
(26, 4, 7),
(27, 1, 8),
(28, 2, 8),
(29, 3, 8),
(30, 4, 8),
(31, 1, 9),
(32, 2, 9),
(33, 3, 9),
(34, 4, 9),
(35, 1, 10),
(36, 2, 10),
(37, 3, 10),
(38, 4, 10),
(39, 1, 11),
(40, 2, 11),
(41, 3, 11),
(42, 4, 11),
(43, 1, 12),
(44, 2, 12),
(45, 3, 12),
(46, 4, 12);

-- --------------------------------------------------------

--
-- Table structure for table `tacgia`
--

CREATE TABLE `tacgia` (
  `idTacGia` int(11) NOT NULL,
  `Ten` varchar(255) CHARACTER SET utf8 COLLATE utf8_general_ci DEFAULT NULL,
  `NamSinh` date NOT NULL,
  `Anh` varchar(255) DEFAULT 'tacgia.png',
  `MoTa` text DEFAULT NULL
) ENGINE=InnoDB DEFAULT CHARSET=latin1 COLLATE=latin1_swedish_ci;

--
-- Dumping data for table `tacgia`
--

INSERT INTO `tacgia` (`idTacGia`, `Ten`, `NamSinh`, `Anh`, `MoTa`) VALUES
(1, 'Osamu Tezuka', '1977-11-30', 'tacgia.png', NULL),
(2, 'Semimaru', '1993-06-05', 'tacgia.png', 'Day la tac gia viet hay lam'),
(3, 'Funaki Ryosuke', '1966-12-12', 'tacgia.png', NULL),
(4, 'Ikada Kai', '1978-11-03', 'tacgia.png', NULL),
(5, 'Ibarakino', '1988-02-23', 'tacgia.png', NULL),
(6, 'Murata Yuusuke', '1978-12-11', 'tacgia.png', NULL),
(7, 'Minenami Ryou', '1968-02-04', 'tacgia.png', NULL),
(8, 'Fukuda Shinichi', '1993-06-05', 'tacgia.png', NULL),
(9, 'Yukinobu Tatsu', '1988-02-23', 'tacgia.png', NULL),
(10, 'Tomohito Oda', '1978-11-03', 'tacgia.png', NULL),
(11, 'Takeoka Hazuki', '1978-11-30', 'tacgia.png', NULL),
(12, 'Yakiomahawk', '1998-01-03', 'tacgia.png', NULL);

-- --------------------------------------------------------

--
-- Table structure for table `tacgia_truyen`
--

CREATE TABLE `tacgia_truyen` (
  `idTacGia` int(11) DEFAULT NULL,
  `idTruyen` int(11) DEFAULT NULL
) ENGINE=InnoDB DEFAULT CHARSET=latin1 COLLATE=latin1_swedish_ci;

--
-- Dumping data for table `tacgia_truyen`
--

INSERT INTO `tacgia_truyen` (`idTacGia`, `idTruyen`) VALUES
(1, 1),
(2, 2),
(3, 3),
(4, 4),
(5, 5),
(6, 6),
(7, 7),
(8, 8),
(9, 9),
(10, 10),
(11, 11),
(12, 12);

-- --------------------------------------------------------

--
-- Table structure for table `theloai`
--

CREATE TABLE `theloai` (
  `idTheLoai` int(11) NOT NULL,
  `TenTheLoai` varchar(255) CHARACTER SET utf8 COLLATE utf8_general_ci DEFAULT NULL
) ENGINE=InnoDB DEFAULT CHARSET=latin1 COLLATE=latin1_swedish_ci;

--
-- Dumping data for table `theloai`
--

INSERT INTO `theloai` (`idTheLoai`, `TenTheLoai`) VALUES
(1, 'Kinh Dị'),
(2, 'Trinh Thám'),
(3, 'Phiêu Lưu'),
(4, 'Hành Động'),
(5, 'Bí ẩn'),
(6, 'Hài hước'),
(7, 'Học đường');

-- --------------------------------------------------------

--
-- Table structure for table `theloai_truyen`
--

CREATE TABLE `theloai_truyen` (
  `idTheLoai` int(11) DEFAULT NULL,
  `idTruyen` int(11) DEFAULT NULL
) ENGINE=InnoDB DEFAULT CHARSET=latin1 COLLATE=latin1_swedish_ci;

--
-- Dumping data for table `theloai_truyen`
--

INSERT INTO `theloai_truyen` (`idTheLoai`, `idTruyen`) VALUES
(1, 1),
(5, 1),
(3, 2),
(4, 2),
(1, 3),
(2, 3),
(5, 3),
(6, 4),
(7, 4),
(1, 5),
(3, 5),
(4, 5),
(1, 6),
(2, 6),
(5, 6),
(3, 7),
(4, 7),
(1, 8),
(2, 8),
(5, 8),
(1, 9),
(5, 9),
(1, 10),
(2, 10),
(5, 10),
(6, 10),
(1, 11),
(2, 11),
(3, 11),
(4, 11),
(1, 12),
(2, 12),
(3, 12),
(4, 12);

-- --------------------------------------------------------

--
-- Table structure for table `truyen`
--

CREATE TABLE `truyen` (
  `idTruyen` int(11) NOT NULL,
  `Ten` varchar(255) CHARACTER SET utf8 COLLATE utf8_general_ci DEFAULT NULL,
  `NamPhatHanh` date DEFAULT NULL,
  `Anh` varchar(255) DEFAULT 'truyen.png',
  `MoTa` text CHARACTER SET utf8mb4 COLLATE utf8mb4_unicode_ci DEFAULT NULL
) ENGINE=InnoDB DEFAULT CHARSET=latin1 COLLATE=latin1_swedish_ci;

--
-- Dumping data for table `truyen`
--

INSERT INTO `truyen` (`idTruyen`, `Ten`, `NamPhatHanh`, `Anh`, `MoTa`) VALUES
(1, 'Astro Boy', '2014-03-02', 'truyen.png', 'Astro Boy được biết đến ở Nhật theo tên ban đầu Mighty Atom là bộ manga kinh điển của họa sĩ Osamu Tezuka người Nhật Bản. Phát hành lần đầu vào năm 1952 và kết thúc ở 1968, Astro Boy đã trở thành một hiện tượng lớn trên khắp nước Nhật và sau đó lan rộng ra toàn châu Á và sang nước Mỹ. Bộ manga được làm thành nhiều anime và phim.'),
(2, 'Kawaii Kanojo-chan', '2023-07-21', 'truyen.png', 'Đơn giản là câu chuyện về cô bạn gái siêu cấp đáng yêu thôi, nhưng bí mật mà cô gái đáng yêu đó che giấu, thì hãy đọc để tìm hiểu thêm đó là bí mật gì nhá'),
(3, 'GIA ĐÌNH VUI VẺ - MẸ THUÊ BÁO OÁN', '2023-08-21', 'truyen.png', 'Airi, một nữ sinh trung học, người mỗi ngày luôn sầu não về Mari, người mẹ ích kỷ luôn đặt lợi ích của bản thân lên hàng đầu. Liên tục bị hành hạ tinh thần bởi người mẹ cuồng loạn đó, trái tim cô bé cứ thế chết dần. Tâm trạng của Airi càng sa sút khi buổi tư vấn trực tiếp giữa phụ huynh, học sinh và giáo viên được ấn định. Thế rồi, Airi chợt nhớ đến một dịch vụ mà một người bạn giới thiệu có tên là \"Dịch vụ mẹ thuê\". Ban đầu, Airi bán tín bán nghi, nhưng vì quá tuyệt vọng nên cô bé đã nhấc máy. Sang ngày hôm sau, người mẹ cho thuê bí ẩn nhưng xinh đẹp \"Aida\" đã có mặt. Từ đó, kế hoạch \"ăn thịt\" gia đình Airi của \"mẹ thuê Aida\" bắt đầu.'),
(4, 'Dosanko Gyaru Is Mega Cute', '2016-08-21', 'truyen.png', 'Natsukawa Tsubasa một cậu học sinh mới chuyển từ Tokyo đến sống ở Hokkaido, vào giữa một ngày mùa đông giá lạnh, cậu đã tình cờ gặp được một cô gái Gyaru dễ thương và càng tình cờ hơn nữa khi hai người lại là bạn học cùng lớp! mở ra một câu chuyện tình yêu hài hước và đầy thú vịHãy đọc Oneshot trước khi được truyện này nhé'),
(5, 'Henkyou no Yakushi, Miyako de S Rank Boukensha to naru', '2017-08-21', 'truyen.png', 'Leaf vốn đang tận hưởng cuộc sống bình thường với tư cách dược sư ở một ngôi làng nơi biên giới, và đáng ra sẽ kết hôn với cô bạn thưở nhỏ. Nhưng một ngày nọ, cậu bị tước đi tất cả, từ tiệm thuốc tới nhà cửa do cô bạn kia đã quyết định kết hôn với một bá tước trong vùng. Không chịu kiếp làm đầy tớ cho gã bá tước, Leaf bỏ làng ra đi, và vô tình chạm mặt một cô gái sẽ thay đổi cuộc đời cậu từ đây về sau...'),
(6, 'ONE PUNCH MAN', '2013-03-16', 'truyen.png', 'Một Manga thể loại siêu anh hùng với đặc trưng phồng tôm đấm phát chết luôn... và mang đậm tính chất troll của tác giả.\r\nOnepunch-man là câu chuyện của 1 chàng thanh niên 23 tuổi, đang là một nhân viên văn phòng điển trai nghiêm túc và tất nhiên là ế. Không hiểu vì biến cố gì mà tự nhiên lông tóc trên người của anh trụi lủi, sau đó anh mang trong mình khả năng siêu đặc biệt \"Đấm phát chết luôn\" nhằm bảo vệ trái đất và thành phố nơi anh sinh sống khỏi các sinh vật ngoài không gian (nhưng phá hoại cũng không kém).'),
(7, 'SHOUNEN NO ABYSS', '2015-12-07', 'truyen.png', 'Trong một thị trấn nhàm chán và ngày qua ngày không có gì thay đổi, Reiji Kurose, một học sinh trung học, \"chỉ\" còn sống. Gia đình, ước mơ tương lai, bạn thời thơ ấu. Tất cả đều trói buộc cậu ấy vào thị trấn này. Cậu luôn nghĩ, \"Tôi chỉ sống.\" cho đến khi cô ấy gặp cô ấy. Có hy vọng để sống? Có ánh sáng nào ở phía trước không? The World End Boy Meets Girl bắt đầu'),
(8, 'NÀNG NỔI LOẠN X CHÀNG THỢ MAY', '2020-12-07', 'truyen.png', 'Wakana Gojou là một nam sinh trung học mười lăm tuổi, người từng bị tổn thương về mặt xã hội trong quá khứ vì đam mê của mình. Sự việc đó đã để lại dấu ấn trong anh khiến anh trở thành một người sống ẩn dật trong xã hội. Cho đến một ngày anh gặp Kitagawa, một gyaru hòa đồng, người hoàn toàn trái ngược với anh. Họ sớm chia sẻ niềm đam mê của mình với nhau, dẫn đến mối quan hệ kỳ quặc của họ.'),
(9, 'DANDADAN!!', '2020-06-12', 'truyen.png', 'Được sự ủng hộ của tác giả \'\'Chainsaw Man  của Tatsuki Fujimoto,jigokuraku của Yuji Kaku, một chàng trai otaku đam mê huyền bí không tin vào ma quỷ và Ayase, một cô gái không tin vào người ngoài hành tinh, gặp phải một bí ẩn quá lớn vượt quá sự hiểu biết của bản thân. Câu chuyện tình bi hài pha lẫn kinh dị và huyền bí !! cập nhật hàng tuần trên JUmp+'),
(10, 'KOMI KHÔNG THỂ GIAO TIẾP', '2022-03-08', 'truyen.png', 'Tên khác: Komi-san can\'t speak well.; Komi-san has a communication disease.; Komi-san has poor communication skills.; Komi-san is asocial.; Komi-san is socially ill\r\nMột em dở giao tiếp, nhưng 1 khi đã nói thì.......'),
(11, 'MASAMUNE-KUN NO REVENGE ENGAGEMENT', '2020-03-02', 'truyen.png', 'Makabe Masamune khi còn nhỏ chỉ là một cậu bé \"heo con\" vô dụng và yếu đuối nhưng từ sau lần tỏ tình thất bại với Adagaki một cô bé xinh đẹp và thông minh, tuyệt vọng vì bị chế nhạo Makabe nỗ lực hết mình để thay đổi bản thân và vạch ra một kế hoạch hoàn hảo chỉ để trả thù cô gái đã từ chối mình, tám năm sau cậu đã trở thành một anh chàng đẹp trai và có thân hình cân đối như một người mẫu thực thụ, đỗ vào trường trung học mà Adagaki đang học với số điểm tuyệt đối, liệu cậu có thể trả thù được hay không, cùng theo dõi tiếp câu chuyện tình gay cấn này nào...!? Đây là phần tiếp theo, tiếp nối câu truyện của phần 1. Cuộc sống đại học.'),
(12, 'CÒN GÌ TỆ HƠN CẢ YANDERE NỮA', '2023-01-12', 'truyen.png', 'Tôi tưởng cô bạn cùng lớp yếu đuối lắm chứ... Ai dè...');

-- --------------------------------------------------------

--
-- Table structure for table `user`
--

CREATE TABLE `user` (
  `idUser` int(11) NOT NULL,
  `Ten` varchar(255) CHARACTER SET utf8 COLLATE utf8_general_ci DEFAULT NULL,
  `Email` varchar(255) DEFAULT NULL,
  `TenDangNhap` varchar(255) DEFAULT NULL,
  `MatKhau` varchar(255) DEFAULT NULL,
  `Anh` varchar(255) DEFAULT 'user.png'
) ENGINE=InnoDB DEFAULT CHARSET=latin1 COLLATE=latin1_swedish_ci;

--
-- Dumping data for table `user`
--

INSERT INTO `user` (`idUser`, `Ten`, `Email`, `TenDangNhap`, `MatKhau`, `Anh`) VALUES
(1, 'user001', NULL, 'userName1', '123', 'anh.jpg'),
(2, 'user002', NULL, 'userName2', '123', 'anh.jpg'),
(3, 'user003', NULL, 'userName3', '123', 'anh.jpg'),
(4, 'user004', NULL, 'userName4', '123', 'anh.jpg'),
(5, 'user005', NULL, 'userName5', '123', 'anh.jpg'),
(6, 'user006', NULL, 'userName6', '123', 'anh.jpg'),
(7, 'user007', NULL, 'userName7', '123', 'anh.jpg'),
(8, 'user008', NULL, 'userName8', '123', 'anh.jpg'),
(9, 'user009', NULL, 'userName9', '123', 'anh.jpg'),
(10, 'user010', NULL, 'userName10', '123', 'anh.jpg'),
(11, 'user011', NULL, 'userName11', '123', 'anh.jpg'),
(12, 'user012', NULL, 'userName12', '123', 'anh.jpg'),
(13, 'user013', NULL, 'userName13', '123', 'anh.jpg'),
(14, 'user014', NULL, 'userName14', '123', 'anh.jpg'),
(15, 'user015', NULL, 'userName15', '123', 'anh.jpg'),
(16, 'user016', NULL, 'userName16', '123', 'anh.jpg'),
(17, 'user017', NULL, 'userName17', '123', 'anh.jpg'),
(18, 'user018', NULL, 'userName18', '123', 'anh.jpg'),
(19, 'user019', NULL, 'userName19', '123', 'anh.jpg'),
(20, 'user020', NULL, 'userName20', '123', 'anh.jpg'),
(21, 'user021', NULL, 'userName21', '123', 'anh.jpg'),
(22, 'user022', NULL, 'userName22', '123', 'anh.jpg'),
(23, 'user023', NULL, 'userName23', '123', 'anh.jpg'),
(24, 'user024', NULL, 'userName24', '123', 'anh.jpg'),
(25, 'user025', NULL, 'userName25', '123', 'anh.jpg'),
(26, 'user026', NULL, 'userName26', '123', 'anh.jpg'),
(27, 'user027', NULL, 'userName27', '123', 'anh.jpg'),
(28, 'user028', NULL, 'userName28', '123', 'anh.jpg'),
(29, 'user029', NULL, 'userName29', '123', 'anh.jpg'),
(30, 'user030', NULL, 'userName30', '123', 'anh.jpg'),
(31, 'user031', NULL, 'userName31', '123', 'anh.jpg'),
(32, 'user032', NULL, 'userName32', '123', 'anh.jpg'),
(33, 'user033', NULL, 'userName33', '123', 'anh.jpg'),
(34, 'user034', NULL, 'userName34', '123', 'anh.jpg'),
(35, 'user035', NULL, 'userName35', '123', 'anh.jpg'),
(36, 'user036', NULL, 'userName36', '123', 'anh.jpg'),
(37, 'user037', NULL, 'userName37', '123', 'anh.jpg'),
(38, 'user038', NULL, 'userName38', '123', 'anh.jpg'),
(39, 'user039', NULL, 'userName39', '123', 'anh.jpg'),
(40, 'user040', NULL, 'userName40', '123', 'anh.jpg'),
(41, 'user041', NULL, 'userName41', '123', 'anh.jpg'),
(42, 'user042', NULL, 'userName42', '123', 'anh.jpg'),
(43, 'user043', NULL, 'userName43', '123', 'anh.jpg'),
(44, 'user044', NULL, 'userName44', '123', 'anh.jpg'),
(45, 'user045', NULL, 'userName45', '123', 'anh.jpg'),
(46, 'user046', NULL, 'userName46', '123', 'anh.jpg'),
(47, 'user047', NULL, 'userName47', '123', 'anh.jpg'),
(48, 'user048', NULL, 'userName48', '123', 'anh.jpg'),
(49, 'user049', NULL, 'userName49', '123', 'anh.jpg'),
(50, 'user050', NULL, 'userName50', '123', 'anh.jpg'),
(51, 'user051', NULL, 'userName51', '123', 'anh.jpg'),
(52, 'user052', NULL, 'userName52', '123', 'anh.jpg'),
(53, 'user053', NULL, 'userName53', '123', 'anh.jpg'),
(54, 'user054', NULL, 'userName54', '123', 'anh.jpg'),
(55, 'user055', NULL, 'userName55', '123', 'anh.jpg'),
(56, 'user056', NULL, 'userName56', '123', 'anh.jpg'),
(57, 'user057', NULL, 'userName57', '123', 'anh.jpg'),
(58, 'user058', NULL, 'userName58', '123', 'anh.jpg'),
(59, 'user059', NULL, 'userName59', '123', 'anh.jpg'),
(60, 'user060', NULL, 'userName60', '123', 'anh.jpg'),
(61, 'user061', NULL, 'userName61', '123', 'anh.jpg'),
(62, 'user062', NULL, 'userName62', '123', 'anh.jpg'),
(63, 'user063', NULL, 'userName63', '123', 'anh.jpg'),
(64, 'user064', NULL, 'userName64', '123', 'anh.jpg'),
(65, 'user065', NULL, 'userName65', '123', 'anh.jpg'),
(66, 'user066', NULL, 'userName66', '123', 'anh.jpg'),
(67, 'user067', NULL, 'userName67', '123', 'anh.jpg'),
(68, 'user068', NULL, 'userName68', '123', 'anh.jpg'),
(69, 'user069', NULL, 'userName69', '123', 'anh.jpg'),
(70, 'user070', NULL, 'userName70', '123', 'anh.jpg'),
(71, 'user071', NULL, 'userName71', '123', 'anh.jpg'),
(72, 'user072', NULL, 'userName72', '123', 'anh.jpg'),
(73, 'user073', NULL, 'userName73', '123', 'anh.jpg'),
(74, 'user074', NULL, 'userName74', '123', 'anh.jpg'),
(75, 'user075', NULL, 'userName75', '123', 'anh.jpg'),
(76, 'user076', NULL, 'userName76', '123', 'anh.jpg'),
(77, 'user077', NULL, 'userName77', '123', 'anh.jpg'),
(78, 'user078', NULL, 'userName78', '123', 'anh.jpg'),
(79, 'user079', NULL, 'userName79', '123', 'anh.jpg'),
(80, 'user080', NULL, 'userName80', '123', 'anh.jpg'),
(81, 'user081', NULL, 'userName81', '123', 'anh.jpg'),
(82, 'user082', NULL, 'userName82', '123', 'anh.jpg'),
(83, 'user083', NULL, 'userName83', '123', 'anh.jpg'),
(84, 'user084', NULL, 'userName84', '123', 'anh.jpg'),
(85, 'user085', NULL, 'userName85', '123', 'anh.jpg'),
(86, 'user086', NULL, 'userName86', '123', 'anh.jpg'),
(87, 'user087', NULL, 'userName87', '123', 'anh.jpg'),
(88, 'user088', NULL, 'userName88', '123', 'anh.jpg'),
(89, 'user089', NULL, 'userName89', '123', 'anh.jpg'),
(90, 'user090', NULL, 'userName90', '123', 'anh.jpg'),
(91, 'user091', NULL, 'userName91', '123', 'anh.jpg'),
(92, 'user092', NULL, 'userName92', '123', 'anh.jpg'),
(93, 'user093', NULL, 'userName93', '123', 'anh.jpg'),
(94, 'user094', NULL, 'userName94', '123', 'anh.jpg'),
(95, 'user095', NULL, 'userName95', '123', 'anh.jpg'),
(96, 'user096', NULL, 'userName96', '123', 'anh.jpg'),
(97, 'user097', NULL, 'userName97', '123', 'anh.jpg'),
(98, 'user098', NULL, 'userName98', '123', 'anh.jpg'),
(99, 'user099', NULL, 'userName99', '123', 'anh.jpg'),
(100, 'user100', NULL, 'userName100', '123', 'anh.jpg'),
(101, 'user101', NULL, 'userName101', '123', 'anh.jpg'),
(102, 'user102', NULL, 'userName102', '123', 'anh.jpg'),
(103, 'user103', NULL, 'userName103', '123', 'anh.jpg'),
(104, 'user104', NULL, 'userName104', '123', 'anh.jpg'),
(105, 'user105', NULL, 'userName105', '123', 'anh.jpg'),
(106, 'user106', NULL, 'userName106', '123', 'anh.jpg'),
(107, 'user107', NULL, 'userName107', '123', 'anh.jpg'),
(108, 'user108', NULL, 'userName108', '123', 'anh.jpg'),
(109, 'user109', NULL, 'userName109', '123', 'anh.jpg'),
(110, 'user110', NULL, 'userName110', '123', 'anh.jpg'),
(111, 'user111', NULL, 'userName111', '123', 'anh.jpg'),
(112, 'user112', NULL, 'userName112', '123', 'anh.jpg'),
(113, 'user113', NULL, 'userName113', '123', 'anh.jpg'),
(114, 'user114', NULL, 'userName114', '123', 'anh.jpg'),
(115, 'user115', NULL, 'userName115', '123', 'anh.jpg'),
(116, 'user116', NULL, 'userName116', '123', 'anh.jpg'),
(117, 'user117', NULL, 'userName117', '123', 'anh.jpg'),
(118, 'user118', NULL, 'userName118', '123', 'anh.jpg'),
(119, 'user119', NULL, 'userName119', '123', 'anh.jpg'),
(120, 'user120', NULL, 'userName120', '123', 'anh.jpg'),
(121, 'user121', NULL, 'userName121', '123', 'anh.jpg'),
(122, 'user122', NULL, 'userName122', '123', 'anh.jpg'),
(123, 'user123', NULL, 'userName123', '123', 'anh.jpg'),
(124, 'user124', NULL, 'userName124', '123', 'anh.jpg'),
(125, 'user125', NULL, 'userName125', '123', 'anh.jpg'),
(126, 'user126', NULL, 'userName126', '123', 'anh.jpg'),
(127, 'user127', NULL, 'userName127', '123', 'anh.jpg'),
(128, 'user128', NULL, 'userName128', '123', 'anh.jpg'),
(129, 'user129', NULL, 'userName129', '123', 'anh.jpg'),
(130, 'user130', NULL, 'userName130', '123', 'anh.jpg'),
(131, 'user131', NULL, 'userName131', '123', 'anh.jpg'),
(132, 'user132', NULL, 'userName132', '123', 'anh.jpg'),
(133, 'user133', NULL, 'userName133', '123', 'anh.jpg'),
(134, 'user134', NULL, 'userName134', '123', 'anh.jpg'),
(135, 'user135', NULL, 'userName135', '123', 'anh.jpg'),
(136, 'user136', NULL, 'userName136', '123', 'anh.jpg'),
(137, 'user137', NULL, 'userName137', '123', 'anh.jpg'),
(138, 'user138', NULL, 'userName138', '123', 'anh.jpg'),
(139, 'user139', NULL, 'userName139', '123', 'anh.jpg'),
(140, 'user140', NULL, 'userName140', '123', 'anh.jpg'),
(141, 'user141', NULL, 'userName141', '123', 'anh.jpg'),
(142, 'user142', NULL, 'userName142', '123', 'anh.jpg'),
(143, 'user143', NULL, 'userName143', '123', 'anh.jpg'),
(144, 'user144', NULL, 'userName144', '123', 'anh.jpg'),
(145, 'user145', NULL, 'userName145', '123', 'anh.jpg'),
(146, 'user146', NULL, 'userName146', '123', 'anh.jpg'),
(147, 'user147', NULL, 'userName147', '123', 'anh.jpg'),
(148, 'user148', NULL, 'userName148', '123', 'anh.jpg'),
(149, 'user149', NULL, 'userName149', '123', 'anh.jpg'),
(150, 'user150', NULL, 'userName150', '123', 'anh.jpg'),
(151, 'user151', NULL, 'userName151', '123', 'anh.jpg'),
(152, 'user152', NULL, 'userName152', '123', 'anh.jpg'),
(153, 'user153', NULL, 'userName153', '123', 'anh.jpg'),
(154, 'user154', NULL, 'userName154', '123', 'anh.jpg'),
(155, 'user155', NULL, 'userName155', '123', 'anh.jpg'),
(156, 'user156', NULL, 'userName156', '123', 'anh.jpg'),
(157, 'user157', NULL, 'userName157', '123', 'anh.jpg'),
(158, 'user158', NULL, 'userName158', '123', 'anh.jpg'),
(159, 'user159', NULL, 'userName159', '123', 'anh.jpg'),
(160, 'user160', NULL, 'userName160', '123', 'anh.jpg'),
(161, 'user161', NULL, 'userName161', '123', 'anh.jpg'),
(162, 'user162', NULL, 'userName162', '123', 'anh.jpg'),
(163, 'user163', NULL, 'userName163', '123', 'anh.jpg'),
(164, 'user164', NULL, 'userName164', '123', 'anh.jpg'),
(165, 'user165', NULL, 'userName165', '123', 'anh.jpg'),
(166, 'user166', NULL, 'userName166', '123', 'anh.jpg'),
(167, 'user167', NULL, 'userName167', '123', 'anh.jpg'),
(168, 'user168', NULL, 'userName168', '123', 'anh.jpg'),
(169, 'user169', NULL, 'userName169', '123', 'anh.jpg'),
(170, 'user170', NULL, 'userName170', '123', 'anh.jpg'),
(171, 'user171', NULL, 'userName171', '123', 'anh.jpg'),
(172, 'user172', NULL, 'userName172', '123', 'anh.jpg'),
(173, 'user173', NULL, 'userName173', '123', 'anh.jpg'),
(174, 'user174', NULL, 'userName174', '123', 'anh.jpg'),
(175, 'user175', NULL, 'userName175', '123', 'anh.jpg'),
(176, 'user176', NULL, 'userName176', '123', 'anh.jpg'),
(177, 'user177', NULL, 'userName177', '123', 'anh.jpg'),
(178, 'user178', NULL, 'userName178', '123', 'anh.jpg'),
(179, 'user179', NULL, 'userName179', '123', 'anh.jpg'),
(180, 'user180', NULL, 'userName180', '123', 'anh.jpg'),
(181, 'user181', NULL, 'userName181', '123', 'anh.jpg'),
(182, 'user182', NULL, 'userName182', '123', 'anh.jpg'),
(183, 'user183', NULL, 'userName183', '123', 'anh.jpg'),
(184, 'user184', NULL, 'userName184', '123', 'anh.jpg'),
(185, 'user185', NULL, 'userName185', '123', 'anh.jpg'),
(186, 'user186', NULL, 'userName186', '123', 'anh.jpg'),
(187, 'user187', NULL, 'userName187', '123', 'anh.jpg'),
(188, 'user188', NULL, 'userName188', '123', 'anh.jpg'),
(189, 'user189', NULL, 'userName189', '123', 'anh.jpg'),
(190, 'user190', NULL, 'userName190', '123', 'anh.jpg'),
(191, 'user191', NULL, 'userName191', '123', 'anh.jpg'),
(192, 'user192', NULL, 'userName192', '123', 'anh.jpg'),
(193, 'user193', NULL, 'userName193', '123', 'anh.jpg'),
(194, 'user194', NULL, 'userName194', '123', 'anh.jpg'),
(195, 'user195', NULL, 'userName195', '123', 'anh.jpg'),
(196, 'user196', NULL, 'userName196', '123', 'anh.jpg'),
(197, 'user197', NULL, 'userName197', '123', 'anh.jpg'),
(198, 'user198', NULL, 'userName198', '123', 'anh.jpg'),
(199, 'user199', NULL, 'userName199', '123', 'anh.jpg'),
(200, 'user200', NULL, 'userName200', '123', 'anh.jpg'),
(201, 'Thanh Nguyen', NULL, 'test1', '123', 'anh.jpg'),
(202, 'Gia Huy', NULL, 'test2', '123', 'anh.jpg');

-- --------------------------------------------------------

--
-- Table structure for table `user_yeuthich_truyen`
--

CREATE TABLE `user_yeuthich_truyen` (
  `idUser` int(11) DEFAULT NULL,
  `idTruyen` int(11) DEFAULT NULL
) ENGINE=InnoDB DEFAULT CHARSET=latin1 COLLATE=latin1_swedish_ci;

--
-- Dumping data for table `user_yeuthich_truyen`
--

INSERT INTO `user_yeuthich_truyen` (`idUser`, `idTruyen`) VALUES
(149, 1),
(41, 1),
(182, 1),
(11, 1),
(142, 1),
(30, 1),
(65, 1),
(177, 1),
(132, 1),
(172, 1),
(46, 1),
(133, 1),
(161, 1),
(8, 1),
(166, 1),
(153, 1),
(89, 1),
(82, 1),
(14, 1),
(171, 1),
(192, 1),
(9, 1),
(163, 1),
(93, 1),
(29, 1),
(43, 1),
(83, 1),
(53, 1),
(186, 1),
(95, 1),
(124, 1),
(70, 1),
(165, 1),
(106, 1),
(12, 1),
(5, 1),
(98, 1),
(44, 1),
(157, 1),
(126, 1),
(198, 1),
(38, 1),
(57, 1),
(150, 1),
(17, 1),
(79, 1),
(145, 1),
(70, 2),
(195, 2),
(133, 2),
(104, 2),
(15, 2),
(13, 2),
(43, 2),
(190, 2),
(108, 2),
(54, 2),
(173, 2),
(199, 2),
(38, 2),
(62, 2),
(57, 2),
(192, 2),
(76, 2),
(194, 2),
(137, 2),
(107, 2),
(23, 2),
(46, 2),
(26, 2),
(186, 2),
(132, 2),
(89, 2),
(103, 2),
(9, 2),
(150, 2),
(86, 2),
(161, 2),
(141, 2),
(143, 2),
(172, 2),
(52, 2),
(91, 2),
(93, 2),
(175, 2),
(148, 2),
(169, 2),
(82, 2),
(109, 2),
(142, 2),
(64, 2),
(88, 2),
(124, 2),
(168, 2),
(24, 2),
(154, 2),
(105, 2),
(56, 2),
(37, 2),
(170, 2),
(188, 2),
(92, 2),
(18, 2),
(163, 2),
(122, 2),
(49, 2),
(144, 2),
(85, 2),
(189, 2),
(114, 2),
(184, 2),
(78, 2),
(192, 3),
(91, 3),
(188, 3),
(25, 3),
(102, 3),
(154, 3),
(166, 3),
(126, 3),
(41, 3),
(132, 3),
(20, 3),
(38, 3),
(39, 3),
(48, 3),
(81, 3),
(88, 3),
(155, 3),
(74, 3),
(27, 3),
(14, 3),
(80, 3),
(59, 3),
(127, 3),
(196, 3),
(63, 3),
(140, 3),
(29, 3),
(141, 3),
(178, 3),
(52, 3),
(138, 3),
(186, 3),
(76, 3),
(67, 3),
(142, 3),
(169, 3),
(174, 3),
(85, 3),
(70, 3),
(179, 3),
(36, 3),
(125, 3),
(185, 3),
(139, 3),
(114, 3),
(134, 3),
(175, 3),
(54, 3),
(121, 3),
(200, 3),
(69, 3),
(10, 3),
(68, 4),
(111, 4),
(197, 4),
(35, 4),
(95, 4),
(173, 4),
(190, 4),
(183, 4),
(37, 4),
(123, 4),
(80, 4),
(99, 4),
(78, 4),
(138, 4),
(82, 4),
(185, 4),
(199, 4),
(166, 4),
(202, 4),
(169, 4),
(93, 4),
(148, 4),
(20, 4),
(40, 4),
(135, 4),
(11, 4),
(110, 4),
(144, 4),
(164, 4),
(107, 4),
(145, 4),
(79, 4),
(137, 4),
(70, 4),
(65, 4),
(200, 4),
(188, 4),
(54, 4),
(12, 4),
(158, 4),
(48, 4),
(29, 4),
(159, 4),
(33, 4),
(62, 4),
(182, 4),
(201, 4),
(69, 4),
(180, 4),
(36, 4),
(83, 4),
(89, 4),
(7, 4),
(3, 4),
(181, 4),
(81, 4),
(86, 4),
(102, 4),
(50, 4),
(170, 4),
(156, 4),
(61, 4),
(43, 4),
(44, 4),
(17, 4),
(163, 4),
(118, 4),
(151, 4),
(128, 4),
(194, 4),
(8, 4),
(155, 4),
(153, 4),
(129, 4),
(160, 4),
(60, 4),
(75, 4),
(51, 4),
(38, 4),
(87, 4),
(187, 4),
(34, 4),
(130, 4),
(27, 4),
(133, 4),
(4, 4),
(195, 4),
(124, 4),
(5, 4),
(21, 4),
(150, 4),
(167, 4),
(161, 4),
(104, 4),
(132, 4),
(157, 4),
(64, 4),
(24, 4),
(6, 4),
(146, 4),
(19, 4),
(186, 4),
(131, 4),
(72, 4),
(22, 4),
(101, 4),
(139, 4),
(147, 4),
(113, 4),
(140, 4),
(97, 4),
(177, 4),
(109, 4),
(23, 4),
(46, 4),
(168, 4),
(45, 4),
(71, 4),
(57, 4),
(26, 4),
(172, 4),
(66, 4),
(13, 4),
(94, 4),
(30, 4),
(91, 4),
(32, 4),
(92, 4),
(143, 4),
(41, 4),
(184, 4),
(127, 4),
(56, 4),
(108, 4),
(121, 4),
(25, 4),
(189, 4),
(102, 5),
(163, 5),
(75, 5),
(194, 5),
(29, 5),
(190, 5),
(197, 5),
(142, 5),
(123, 5),
(121, 5),
(144, 5),
(122, 5),
(186, 5),
(64, 5),
(95, 5),
(44, 5),
(35, 5),
(193, 5),
(169, 5),
(68, 5),
(182, 5),
(101, 5),
(8, 5),
(19, 5),
(117, 5),
(113, 5),
(56, 5),
(45, 5),
(67, 5),
(63, 5),
(185, 5),
(153, 5),
(50, 5),
(14, 5),
(148, 5),
(59, 5),
(86, 5),
(139, 5),
(73, 5),
(78, 5),
(192, 5),
(156, 5),
(48, 5),
(80, 5),
(31, 5),
(23, 5),
(140, 5),
(120, 5),
(167, 5),
(129, 6),
(110, 6),
(46, 6),
(62, 6),
(95, 6),
(116, 6),
(88, 6),
(80, 6),
(53, 6),
(33, 6),
(162, 6),
(115, 6),
(171, 6),
(166, 6),
(182, 6),
(25, 6),
(160, 6),
(179, 6),
(19, 6),
(42, 6),
(123, 6),
(75, 6),
(135, 6),
(65, 6),
(84, 6),
(138, 6),
(141, 6),
(15, 6),
(85, 6),
(99, 6),
(90, 6),
(97, 6),
(47, 6),
(199, 6),
(114, 6),
(151, 6),
(147, 6),
(59, 6),
(132, 6),
(130, 6),
(40, 6),
(92, 6),
(187, 6),
(36, 6),
(86, 6),
(112, 6),
(180, 6),
(16, 6),
(68, 6),
(57, 6),
(113, 6),
(28, 6),
(155, 6),
(45, 6),
(26, 6),
(189, 6),
(83, 6),
(177, 6),
(71, 6),
(127, 6),
(201, 6),
(74, 6),
(143, 6),
(10, 6),
(109, 6),
(194, 6),
(122, 6),
(156, 6),
(152, 6),
(54, 6),
(52, 6),
(35, 6),
(100, 6),
(64, 6),
(181, 6),
(157, 6),
(6, 6),
(5, 6),
(11, 6),
(60, 6),
(106, 6),
(91, 6),
(108, 6),
(121, 6),
(103, 6),
(32, 6),
(94, 6),
(44, 6),
(55, 6),
(29, 6),
(81, 6),
(170, 6),
(200, 6),
(185, 6),
(158, 6),
(140, 6),
(128, 6),
(101, 6),
(63, 6),
(61, 6),
(192, 6),
(30, 6),
(7, 6),
(202, 6),
(39, 6),
(70, 6),
(56, 6),
(176, 6),
(77, 6),
(164, 6),
(193, 6),
(198, 6),
(137, 6),
(146, 6),
(184, 6),
(124, 6),
(144, 6),
(183, 6),
(79, 6),
(150, 6),
(22, 6),
(78, 6),
(31, 6),
(21, 6),
(34, 6),
(149, 6),
(3, 6),
(76, 6),
(18, 6),
(87, 6),
(186, 6),
(37, 6),
(175, 6),
(98, 6),
(102, 6),
(197, 6),
(195, 6),
(69, 6),
(172, 6),
(4, 6),
(161, 6),
(119, 6),
(49, 6),
(14, 6),
(188, 6),
(159, 6),
(105, 6),
(104, 6),
(58, 6),
(8, 6),
(118, 6),
(131, 6),
(96, 6),
(153, 6),
(163, 6),
(125, 6),
(169, 6),
(111, 6),
(190, 6),
(23, 6),
(67, 7),
(135, 7),
(10, 7),
(7, 7),
(87, 7),
(140, 7),
(103, 7),
(163, 7),
(62, 7),
(5, 7),
(64, 7),
(109, 7),
(172, 7),
(68, 7),
(70, 7),
(148, 7),
(106, 7),
(169, 7),
(40, 7),
(110, 7),
(35, 7),
(3, 7),
(112, 7),
(108, 7),
(153, 7),
(159, 7),
(166, 7),
(116, 7),
(115, 7),
(65, 7),
(194, 7),
(126, 7),
(86, 7),
(8, 7),
(49, 7),
(182, 7),
(178, 7),
(99, 7),
(12, 7),
(60, 7),
(38, 7),
(185, 7),
(57, 7),
(73, 7),
(107, 7),
(197, 7),
(4, 7),
(94, 7),
(122, 7),
(114, 7),
(180, 7),
(146, 7),
(111, 7),
(17, 7),
(101, 7),
(121, 7),
(72, 7),
(75, 7),
(74, 7),
(167, 7),
(84, 7),
(128, 7),
(134, 7),
(131, 7),
(184, 7),
(29, 7),
(199, 7),
(200, 7),
(155, 7),
(188, 7),
(175, 7),
(118, 7),
(100, 7),
(42, 7),
(161, 7),
(76, 7),
(48, 7),
(157, 7),
(113, 7),
(25, 7),
(31, 7),
(45, 7),
(83, 7),
(150, 7),
(162, 7),
(102, 7),
(158, 7),
(52, 7),
(32, 7),
(80, 7),
(147, 7),
(123, 7),
(33, 7),
(190, 7),
(183, 7),
(144, 7),
(18, 7),
(15, 7),
(19, 7),
(66, 7),
(186, 7),
(53, 7),
(51, 7),
(69, 7),
(56, 7),
(142, 7),
(124, 7),
(63, 7),
(145, 7),
(55, 7),
(156, 7),
(41, 7),
(91, 7),
(160, 7),
(6, 7),
(27, 7),
(43, 7),
(85, 7),
(14, 7),
(141, 7),
(168, 7),
(192, 7),
(174, 7),
(176, 7),
(164, 7),
(138, 7),
(117, 7),
(171, 7),
(58, 7),
(173, 7),
(90, 7),
(30, 7),
(198, 7),
(149, 7),
(202, 7),
(16, 7),
(9, 7),
(23, 7),
(88, 7),
(13, 7),
(92, 7),
(189, 7),
(59, 7),
(137, 7),
(130, 7),
(132, 7),
(89, 7),
(34, 7),
(44, 7),
(93, 7),
(125, 7),
(181, 7),
(151, 7),
(71, 7),
(11, 7),
(104, 7),
(47, 7),
(127, 7),
(105, 7),
(81, 7),
(98, 7),
(154, 7),
(37, 7),
(24, 7),
(201, 7),
(187, 7),
(136, 7),
(139, 7),
(179, 7),
(120, 7),
(129, 7),
(95, 7),
(165, 7),
(177, 7),
(28, 7),
(133, 7),
(152, 7),
(79, 7),
(170, 7),
(61, 7),
(36, 7),
(20, 7),
(39, 7),
(82, 7),
(191, 7),
(26, 7),
(96, 7),
(196, 7),
(22, 7),
(193, 7),
(54, 7),
(46, 7),
(50, 7),
(119, 7),
(195, 7),
(77, 7),
(97, 7),
(21, 7),
(78, 7),
(143, 7),
(122, 8),
(20, 8),
(121, 8),
(180, 8),
(114, 8),
(127, 8),
(110, 8),
(131, 8),
(195, 8),
(142, 8),
(185, 8),
(148, 8),
(136, 8),
(176, 8),
(26, 8),
(123, 8),
(143, 8),
(31, 8),
(57, 8),
(63, 8),
(33, 8),
(200, 8),
(155, 8),
(184, 8),
(189, 8),
(66, 8),
(70, 8),
(177, 8),
(126, 8),
(24, 8),
(53, 8),
(188, 8),
(43, 8),
(27, 8),
(8, 8),
(147, 8),
(75, 8),
(74, 8),
(156, 8),
(186, 8),
(192, 8),
(134, 8),
(171, 8),
(54, 8),
(62, 8),
(183, 8),
(201, 8),
(159, 8),
(103, 8),
(49, 8),
(87, 8),
(83, 8),
(13, 8),
(82, 8),
(11, 8),
(109, 8),
(174, 8),
(108, 8),
(12, 8),
(169, 8),
(67, 8),
(78, 8),
(102, 8),
(72, 8),
(172, 8),
(32, 8),
(149, 8),
(38, 8),
(10, 8),
(98, 8),
(202, 8),
(55, 8),
(161, 8),
(76, 8),
(69, 8),
(22, 8),
(196, 8),
(39, 8),
(99, 8),
(116, 8),
(117, 8),
(198, 8),
(95, 8),
(5, 8),
(113, 8),
(34, 8),
(166, 8),
(107, 8),
(140, 8),
(182, 8),
(37, 8),
(153, 8),
(132, 8),
(45, 8),
(88, 8),
(59, 8),
(36, 8),
(162, 8),
(3, 8),
(124, 8),
(89, 8),
(194, 8),
(130, 8),
(138, 8),
(128, 8),
(175, 8),
(77, 8),
(160, 8),
(146, 8),
(173, 8),
(93, 8),
(129, 8),
(157, 8),
(14, 8),
(90, 8),
(25, 8),
(118, 8),
(17, 8),
(100, 8),
(4, 8),
(145, 8),
(104, 8),
(23, 8),
(46, 8),
(42, 8),
(58, 8),
(80, 8),
(35, 9),
(22, 9),
(171, 9),
(64, 9),
(25, 9),
(9, 9),
(180, 9),
(100, 9),
(74, 9),
(66, 9),
(183, 9),
(57, 9),
(126, 9),
(97, 9),
(75, 9),
(88, 9),
(48, 9),
(177, 9),
(192, 9),
(138, 9),
(124, 9),
(162, 9),
(123, 9),
(31, 9),
(115, 9),
(128, 9),
(93, 9),
(89, 9),
(146, 9),
(15, 9),
(96, 9),
(92, 9),
(42, 9),
(95, 9),
(161, 9),
(46, 9),
(86, 9),
(149, 9),
(51, 9),
(78, 9),
(155, 9),
(120, 9),
(174, 9),
(80, 9),
(173, 9),
(121, 9),
(3, 9),
(79, 9),
(190, 9),
(117, 9),
(168, 9),
(170, 9),
(131, 9),
(171, 10),
(173, 10),
(3, 10),
(118, 10),
(167, 10),
(55, 10),
(126, 10),
(180, 10),
(75, 10),
(70, 10),
(183, 10),
(18, 10),
(168, 10),
(26, 10),
(109, 10),
(155, 10),
(8, 10),
(141, 10),
(156, 10),
(112, 10),
(181, 10),
(89, 10),
(39, 10),
(116, 10),
(143, 10),
(50, 10),
(123, 10),
(59, 10),
(122, 10),
(147, 10),
(43, 10),
(23, 10),
(52, 10),
(27, 10),
(129, 10),
(73, 10),
(92, 10),
(195, 10),
(97, 10),
(176, 10),
(127, 10),
(182, 10),
(178, 10),
(21, 10),
(148, 10),
(157, 10),
(198, 10),
(5, 10),
(83, 10),
(144, 10),
(188, 10),
(47, 10),
(24, 10),
(160, 10),
(72, 10),
(77, 10),
(135, 10),
(66, 10),
(114, 10),
(111, 10),
(192, 10),
(151, 10),
(86, 10),
(154, 10),
(19, 10),
(100, 10),
(150, 10),
(49, 10),
(34, 10),
(90, 10),
(136, 10),
(32, 10),
(48, 10),
(12, 10),
(33, 10),
(115, 10),
(197, 10),
(132, 10),
(62, 10),
(79, 10),
(184, 10),
(175, 10),
(11, 10),
(194, 10),
(196, 10),
(142, 10),
(85, 10),
(10, 10),
(125, 10),
(101, 10),
(61, 10),
(102, 10),
(152, 10),
(15, 10),
(185, 10),
(153, 10),
(56, 10),
(82, 10),
(169, 10),
(128, 10),
(78, 10),
(124, 10),
(6, 10),
(58, 10),
(163, 10),
(16, 10),
(104, 10),
(179, 10),
(64, 10),
(40, 10),
(106, 10),
(103, 10),
(146, 10),
(9, 10),
(107, 10),
(63, 10),
(138, 10),
(36, 10),
(98, 10),
(17, 10),
(200, 10),
(31, 10),
(42, 10),
(93, 10),
(71, 10),
(130, 10),
(166, 10),
(37, 10),
(158, 10),
(191, 10),
(20, 10),
(140, 10),
(193, 10),
(108, 10),
(91, 10),
(120, 10),
(162, 10),
(80, 10),
(199, 10),
(41, 10),
(149, 10),
(186, 10),
(7, 10),
(46, 10),
(99, 10),
(54, 10),
(97, 11),
(83, 11),
(14, 11),
(111, 11),
(52, 11),
(174, 11),
(25, 11),
(139, 11),
(98, 11),
(58, 11),
(146, 11),
(180, 11),
(79, 11),
(92, 11),
(70, 11),
(177, 11),
(170, 11),
(53, 11),
(49, 11),
(184, 11),
(95, 11),
(137, 11),
(4, 11),
(190, 11),
(68, 11),
(41, 11),
(107, 11),
(183, 11),
(164, 11),
(24, 11),
(191, 11),
(163, 11),
(128, 11),
(80, 11),
(185, 11),
(5, 11),
(129, 11),
(82, 11),
(99, 11),
(136, 11),
(150, 11),
(109, 11),
(44, 11),
(21, 11),
(186, 11),
(51, 11),
(57, 11),
(133, 11),
(115, 11),
(75, 11),
(156, 11),
(176, 11),
(198, 11),
(40, 11),
(3, 11),
(46, 11),
(119, 11),
(161, 11),
(103, 11),
(15, 11),
(19, 11),
(126, 11),
(71, 11),
(43, 11),
(90, 11),
(179, 11),
(28, 11),
(141, 11),
(88, 11),
(12, 11),
(114, 11),
(73, 11),
(201, 11),
(105, 11),
(9, 11),
(118, 11),
(145, 11),
(30, 11),
(108, 11),
(100, 11),
(157, 11),
(20, 11),
(69, 11),
(39, 11),
(122, 11),
(31, 11),
(116, 11),
(56, 11),
(120, 11),
(130, 11),
(200, 11),
(127, 11),
(148, 11),
(78, 11),
(8, 11),
(38, 11),
(182, 11),
(165, 11),
(135, 11),
(195, 11),
(16, 11),
(37, 11),
(202, 11),
(104, 11),
(22, 11),
(181, 11),
(123, 11),
(36, 11),
(125, 11),
(7, 11),
(106, 11),
(23, 11),
(45, 11),
(47, 11),
(74, 11),
(13, 11),
(42, 11),
(188, 11),
(61, 11),
(27, 11),
(84, 11),
(199, 11),
(76, 11),
(102, 11),
(18, 11),
(131, 11),
(167, 11),
(67, 11),
(197, 11),
(155, 11),
(50, 11),
(173, 11),
(65, 11),
(64, 11),
(32, 11),
(134, 11),
(172, 11),
(62, 11),
(33, 11),
(162, 11),
(169, 11),
(59, 11),
(142, 11),
(160, 11),
(86, 11),
(117, 11),
(153, 11),
(168, 11),
(89, 11),
(132, 11),
(85, 11),
(29, 11),
(143, 11),
(48, 11),
(121, 11),
(192, 11),
(81, 11),
(10, 11),
(171, 11),
(159, 11),
(110, 11),
(63, 11),
(72, 11),
(77, 11),
(152, 11),
(35, 11),
(96, 11),
(26, 11),
(147, 11),
(193, 11),
(112, 11),
(140, 11),
(166, 11),
(138, 11),
(6, 11),
(55, 11),
(196, 11),
(34, 11),
(66, 11),
(17, 11),
(189, 11),
(151, 11),
(93, 11),
(94, 11),
(11, 11),
(54, 11),
(113, 11),
(187, 11),
(91, 11),
(175, 11),
(101, 11),
(60, 11),
(154, 11),
(149, 11),
(194, 11),
(195, 12),
(71, 12),
(163, 12),
(114, 12),
(35, 12),
(191, 12),
(125, 12),
(28, 12),
(102, 12),
(67, 12),
(143, 12),
(141, 12),
(13, 12),
(18, 12),
(168, 12),
(43, 12),
(178, 12),
(9, 12),
(96, 12),
(97, 12),
(11, 12),
(175, 12),
(40, 12),
(77, 12),
(58, 12),
(134, 12),
(41, 12),
(100, 12),
(65, 12),
(148, 12),
(10, 12),
(32, 12),
(62, 12),
(15, 12),
(186, 12),
(115, 12),
(167, 12),
(140, 12),
(48, 12),
(197, 12),
(99, 12),
(183, 12),
(190, 12),
(184, 12),
(6, 12),
(188, 12),
(39, 12),
(144, 12),
(87, 12),
(16, 12),
(177, 12),
(26, 12),
(147, 12),
(19, 12),
(88, 12),
(152, 12),
(86, 12),
(145, 12),
(76, 12),
(104, 12),
(84, 12),
(153, 12),
(126, 12),
(91, 12),
(101, 12),
(46, 12),
(37, 12),
(45, 12),
(154, 12),
(78, 12),
(187, 12),
(201, 12),
(4, 12),
(173, 12),
(50, 12),
(158, 12),
(149, 12),
(189, 12),
(56, 12),
(112, 12);

--
-- Indexes for dumped tables
--

--
-- Indexes for table `anhchuongtruyen`
--
ALTER TABLE `anhchuongtruyen`
  ADD PRIMARY KEY (`idAnhChuongTruyen`),
  ADD KEY `idTruyen_idx` (`idTruyen`),
  ADD KEY `SoChuong_idx` (`SoChuong`);

--
-- Indexes for table `binhluan`
--
ALTER TABLE `binhluan`
  ADD PRIMARY KEY (`idBinhLuan`);

--
-- Indexes for table `chuongtruyen`
--
ALTER TABLE `chuongtruyen`
  ADD PRIMARY KEY (`idChuongTruyen`),
  ADD KEY `SoChuong` (`SoChuong`);

--
-- Indexes for table `tacgia`
--
ALTER TABLE `tacgia`
  ADD PRIMARY KEY (`idTacGia`);

--
-- Indexes for table `theloai`
--
ALTER TABLE `theloai`
  ADD PRIMARY KEY (`idTheLoai`);

--
-- Indexes for table `truyen`
--
ALTER TABLE `truyen`
  ADD PRIMARY KEY (`idTruyen`);

--
-- Indexes for table `user`
--
ALTER TABLE `user`
  ADD PRIMARY KEY (`idUser`);

--
-- AUTO_INCREMENT for dumped tables
--

--
-- AUTO_INCREMENT for table `anhchuongtruyen`
--
ALTER TABLE `anhchuongtruyen`
  MODIFY `idAnhChuongTruyen` int(11) NOT NULL AUTO_INCREMENT, AUTO_INCREMENT=409;

--
-- AUTO_INCREMENT for table `binhluan`
--
ALTER TABLE `binhluan`
  MODIFY `idBinhLuan` int(11) NOT NULL AUTO_INCREMENT;

--
-- AUTO_INCREMENT for table `chuongtruyen`
--
ALTER TABLE `chuongtruyen`
  MODIFY `idChuongTruyen` int(11) NOT NULL AUTO_INCREMENT, AUTO_INCREMENT=47;

--
-- AUTO_INCREMENT for table `tacgia`
--
ALTER TABLE `tacgia`
  MODIFY `idTacGia` int(11) NOT NULL AUTO_INCREMENT, AUTO_INCREMENT=13;

--
-- AUTO_INCREMENT for table `theloai`
--
ALTER TABLE `theloai`
  MODIFY `idTheLoai` int(11) NOT NULL AUTO_INCREMENT, AUTO_INCREMENT=8;

--
-- AUTO_INCREMENT for table `truyen`
--
ALTER TABLE `truyen`
  MODIFY `idTruyen` int(11) NOT NULL AUTO_INCREMENT, AUTO_INCREMENT=14;

--
-- AUTO_INCREMENT for table `user`
--
ALTER TABLE `user`
  MODIFY `idUser` int(11) NOT NULL AUTO_INCREMENT, AUTO_INCREMENT=203;

--
-- Constraints for dumped tables
--

--
-- Constraints for table `anhchuongtruyen`
--
ALTER TABLE `anhchuongtruyen`
  ADD CONSTRAINT `SoChuong` FOREIGN KEY (`SoChuong`) REFERENCES `chuongtruyen` (`idChuongTruyen`),
  ADD CONSTRAINT `idTruyen` FOREIGN KEY (`idTruyen`) REFERENCES `truyen` (`idTruyen`);
COMMIT;

/*!40101 SET CHARACTER_SET_CLIENT=@OLD_CHARACTER_SET_CLIENT */;
/*!40101 SET CHARACTER_SET_RESULTS=@OLD_CHARACTER_SET_RESULTS */;
/*!40101 SET COLLATION_CONNECTION=@OLD_COLLATION_CONNECTION */;
